,alt,l,a,b,da,db,dl,logit_value
0,1,78,2,73,8,71,-16,0.6931471805599453
1,2,26,3,-4,9,-6,-68,0.0
2,4,30,-9,-26,-3,-28,-64,-0.6931471805599453
3,3,64,-1,-7,5,-9,-30,-0.6931471805599453
4,5,94,-6,2,0,0,0,0.0
